id_contemplacao,id_cota,id_grupo,data_assembleia,tipo_contemplacao,valor_lance
CTP000000,CT0000012,GA0086,2024-12-15,lance_livre,38509.49
CTP000001,CT0000023,GA0005,2026-07-19,sorteio,0.0
CTP000002,CT0000037,GI0022,2025-03-04,lance_fixo,113300.0
CTP000003,CT0000044,GS0022,2025-06-03,sorteio,0.0
CTP000004,CT0000056,GS0026,2026-08-21,lance_livre,7797.45
CTP000005,CT0000061,GI0019,2026-01-26,sorteio,0.0
CTP000006,CT0000063,GA0000,2025-06-26,lance_fixo,12825.0
CTP000007,CT0000084,GA0089,2025-09-03,sorteio,0.0
CTP000008,CT0000085,GC0041,2024-01-27,lance_fixo,1525.0
CTP000009,CT0000096,GA0000,2025-04-14,lance_livre,18603.86
CTP000010,CT0000097,GI0034,2026-01-23,lance_livre,246666.04
CTP000011,CT0000124,GI0038,2025-11-01,sorteio,0.0
CTP000012,CT0000127,GI0024,2025-11-01,sorteio,0.0
CTP000013,CT0000129,GI0042,2025-10-01,lance_fixo,129375.0
CTP000014,CT0000142,GA0023,2024-09-28,sorteio,0.0
CTP000015,CT0000146,GA0054,2026-05-25,sorteio,0.0
CTP000016,CT0000147,GA0038,2025-10-23,lance_livre,36290.43
CTP000017,CT0000151,GI0022,2026-01-03,lance_livre,62460.86
CTP000018,CT0000152,GC0031,2026-01-11,sorteio,0.0
CTP000019,CT0000154,GA0017,2026-01-12,sorteio,0.0
CTP000020,CT0000157,GC0047,2025-02-26,lance_livre,1146.89
CTP000021,CT0000165,GS0024,2024-12-25,sorteio,0.0
CTP000022,CT0000171,GC0054,2026-04-16,sorteio,0.0
CTP000023,CT0000182,GA0081,2026-03-29,sorteio,0.0
CTP000024,CT0000202,GS0000,2024-02-22,lance_fixo,8475.0
CTP000025,CT0000218,GI0006,2024-11-29,sorteio,0.0
CTP000026,CT0000228,GA0028,2026-07-22,sorteio,0.0
CTP000027,CT0000231,GC0006,2025-09-12,sorteio,0.0
CTP000028,CT0000236,GA0005,2026-03-05,sorteio,0.0
CTP000029,CT0000253,GA0037,2025-06-14,lance_livre,36188.88
CTP000030,CT0000254,GS0029,2024-10-16,sorteio,0.0
CTP000031,CT0000261,GC0009,2024-03-22,sorteio,0.0
CTP000032,CT0000269,GA0054,2024-03-15,sorteio,0.0
CTP000033,CT0000272,GS0003,2026-01-20,lance_livre,14024.92
CTP000034,CT0000276,GI0036,2025-12-19,lance_fixo,138575.0
CTP000035,CT0000283,GA0021,2026-01-05,sorteio,0.0
CTP000036,CT0000287,GC0064,2025-08-27,sorteio,0.0
CTP000037,CT0000289,GA0071,2026-07-25,lance_livre,14076.16
CTP000038,CT0000290,GA0010,2025-05-18,sorteio,0.0
CTP000039,CT0000308,GA0071,2026-05-17,lance_livre,20846.02
CTP000040,CT0000311,GI0023,2025-05-08,sorteio,0.0
CTP000041,CT0000315,GS0015,2024-07-12,sorteio,0.0
CTP000042,CT0000328,GC0055,2025-03-05,lance_livre,2418.26
CTP000043,CT0000345,GI0024,2026-01-29,lance_livre,267429.68
CTP000044,CT0000352,GS0007,2026-02-02,lance_fixo,8175.0
CTP000045,CT0000358,GS0014,2026-02-19,sorteio,0.0
CTP000046,CT0000366,GA0079,2026-06-14,sorteio,0.0
CTP000047,CT0000369,GA0085,2024-09-03,lance_fixo,28025.0
CTP000048,CT0000382,GA0049,2025-03-23,sorteio,0.0
CTP000049,CT0000386,GA0071,2026-04-19,sorteio,0.0
CTP000050,CT0000387,GA0077,2026-04-30,sorteio,0.0
CTP000051,CT0000398,GA0062,2026-05-09,sorteio,0.0
CTP000052,CT0000410,GI0012,2023-07-26,sorteio,0.0
CTP000053,CT0000417,GI0030,2026-05-13,lance_livre,79655.79
CTP000054,CT0000424,GA0011,2025-07-28,lance_livre,23347.87
CTP000055,CT0000442,GI0009,2026-07-21,sorteio,0.0
CTP000056,CT0000443,GC0006,2025-11-04,sorteio,0.0
CTP000057,CT0000455,GA0050,2024-06-10,lance_livre,39090.93
CTP000058,CT0000468,GI0035,2025-11-09,lance_livre,56862.45
CTP000059,CT0000474,GC0063,2025-03-19,sorteio,0.0
CTP000060,CT0000478,GI0028,2024-09-30,sorteio,0.0
CTP000061,CT0000484,GC0021,2026-02-28,sorteio,0.0
CTP000062,CT0000487,GA0044,2025-09-11,sorteio,0.0
CTP000063,CT0000505,GS0003,2025-08-18,lance_livre,7901.88
CTP000064,CT0000509,GA0008,2024-07-25,lance_livre,10940.58
CTP000065,CT0000515,GA0028,2026-06-30,lance_fixo,30475.0
CTP000066,CT0000516,GI0020,2025-12-12,sorteio,0.0
CTP000067,CT0000518,GI0014,2025-05-26,sorteio,0.0
CTP000068,CT0000520,GS0027,2023-06-25,sorteio,0.0
CTP000069,CT0000522,GS0004,2024-11-12,sorteio,0.0
CTP000070,CT0000527,GC0046,2024-08-15,sorteio,0.0
CTP000071,CT0000533,GI0030,2024-11-08,sorteio,0.0
CTP000072,CT0000544,GI0012,2026-07-09,lance_fixo,80175.0
CTP000073,CT0000547,GC0014,2024-07-29,lance_livre,760.64
CTP000074,CT0000548,GI0028,2025-02-02,sorteio,0.0
CTP000075,CT0000593,GC0060,2025-02-21,sorteio,0.0
CTP000076,CT0000595,GC0014,2024-07-08,lance_livre,2431.98
CTP000077,CT0000598,GA0064,2026-08-06,sorteio,0.0
CTP000078,CT0000608,GI0039,2025-02-20,sorteio,0.0
CTP000079,CT0000617,GS0030,2026-05-15,lance_livre,7473.47
CTP000080,CT0000620,GA0071,2026-02-18,lance_fixo,12625.0
CTP000081,CT0000625,GA0061,2025-11-05,sorteio,0.0
CTP000082,CT0000637,GA0005,2025-09-18,lance_livre,24990.22
CTP000083,CT0000638,GA0014,2025-11-13,lance_fixo,29975.0
CTP000084,CT0000640,GC0027,2025-08-22,sorteio,0.0
CTP000085,CT0000648,GA0065,2026-06-27,sorteio,0.0
CTP000086,CT0000652,GI0028,2025-09-27,sorteio,0.0
CTP000087,CT0000668,GC0000,2025-08-28,sorteio,0.0
CTP000088,CT0000673,GI0030,2025-11-27,sorteio,0.0
CTP000089,CT0000698,GS0000,2025-06-09,sorteio,0.0
CTP000090,CT0000715,GC0013,2025-03-20,sorteio,0.0
CTP000091,CT0000727,GS0014,2026-01-28,lance_fixo,6850.0
CTP000092,CT0000750,GS0003,2026-08-04,sorteio,0.0
CTP000093,CT0000802,GA0018,2025-08-08,sorteio,0.0
CTP000094,CT0000821,GS0012,2025-08-03,sorteio,0.0
CTP000095,CT0000832,GA0036,2026-07-30,sorteio,0.0
CTP000096,CT0000837,GC0037,2024-11-11,sorteio,0.0
CTP000097,CT0000848,GA0053,2026-07-11,lance_livre,8229.7
CTP000098,CT0000862,GC0035,2024-06-24,sorteio,0.0
CTP000099,CT0000869,GI0031,2026-08-29,sorteio,0.0
CTP000100,CT0000870,GI0029,2024-01-21,lance_livre,66173.76
CTP000101,CT0000879,GA0020,2026-02-01,sorteio,0.0
CTP000102,CT0000901,GC0062,2025-02-26,sorteio,0.0
CTP000103,CT0000909,GI0044,2026-03-08,sorteio,0.0
CTP000104,CT0000913,GI0002,2026-06-04,sorteio,0.0
CTP000105,CT0000925,GA0012,2024-03-08,sorteio,0.0
CTP000106,CT0000938,GA0013,2025-11-09,lance_livre,16073.36
CTP000107,CT0000972,GA0080,2025-08-18,sorteio,0.0
CTP000108,CT0000999,GI0031,2026-07-14,sorteio,0.0
CTP000109,CT0001014,GS0035,2025-03-29,lance_fixo,2225.0
CTP000110,CT0001019,GS0037,2026-07-24,sorteio,0.0
CTP000111,CT0001025,GS0009,2024-06-06,sorteio,0.0
CTP000112,CT0001052,GA0080,2025-11-30,sorteio,0.0
CTP000113,CT0001066,GC0024,2025-03-13,sorteio,0.0
CTP000114,CT0001084,GS0014,2024-09-13,sorteio,0.0
CTP000115,CT0001101,GA0088,2025-04-22,sorteio,0.0
CTP000116,CT0001105,GC0001,2025-05-08,sorteio,0.0
CTP000117,CT0001107,GC0007,2026-02-06,sorteio,0.0
CTP000118,CT0001117,GA0036,2026-08-21,sorteio,0.0
CTP000119,CT0001123,GA0085,2026-08-22,lance_livre,11028.39
CTP000120,CT0001129,GC0039,2026-06-22,lance_livre,2349.72
CTP000121,CT0001142,GS0021,2026-08-18,sorteio,0.0
CTP000122,CT0001149,GS0024,2024-07-22,lance_fixo,3125.0
CTP000123,CT0001154,GA0061,2025-02-03,sorteio,0.0
CTP000124,CT0001155,GI0041,2026-03-03,sorteio,0.0
CTP000125,CT0001174,GA0039,2026-02-28,sorteio,0.0
CTP000126,CT0001183,GC0061,2024-03-24,sorteio,0.0
CTP000127,CT0001188,GA0010,2026-03-15,lance_fixo,28275.0
CTP000128,CT0001202,GA0026,2026-01-25,lance_livre,21320.04
CTP000129,CT0001208,GA0034,2026-04-22,lance_livre,20703.97
CTP000130,CT0001223,GS0023,2026-04-11,sorteio,0.0
CTP000131,CT0001224,GI0044,2026-05-21,sorteio,0.0
CTP000132,CT0001228,GI0011,2026-07-25,sorteio,0.0
CTP000133,CT0001233,GC0062,2026-05-03,sorteio,0.0
CTP000134,CT0001235,GI0020,2025-02-26,sorteio,0.0
CTP000135,CT0001236,GA0070,2026-01-14,sorteio,0.0
CTP000136,CT0001248,GA0010,2025-04-27,lance_livre,50375.98
CTP000137,CT0001256,GC0037,2025-02-02,lance_fixo,1925.0
CTP000138,CT0001263,GS0036,2023-10-27,sorteio,0.0
CTP000139,CT0001289,GA0007,2026-07-06,sorteio,0.0
CTP000140,CT0001292,GI0015,2026-08-28,sorteio,0.0
CTP000141,CT0001297,GA0059,2024-05-23,lance_livre,16549.13
CTP000142,CT0001303,GI0035,2024-04-03,sorteio,0.0
CTP000143,CT0001312,GI0010,2026-07-23,lance_fixo,100325.0
CTP000144,CT0001314,GC0038,2026-03-27,sorteio,0.0
CTP000145,CT0001318,GA0064,2024-10-20,sorteio,0.0
CTP000146,CT0001325,GA0052,2024-10-05,lance_livre,21305.26
CTP000147,CT0001331,GC0047,2025-09-18,lance_fixo,1300.0
CTP000148,CT0001338,GA0051,2025-10-21,lance_livre,24846.81
CTP000149,CT0001355,GA0067,2024-12-03,sorteio,0.0
CTP000150,CT0001360,GS0031,2025-01-20,sorteio,0.0
CTP000151,CT0001362,GI0037,2026-06-19,lance_fixo,118100.0
CTP000152,CT0001375,GI0003,2025-01-19,sorteio,0.0
CTP000153,CT0001386,GA0018,2025-06-28,lance_livre,10040.09
CTP000154,CT0001391,GA0080,2026-08-12,sorteio,0.0
CTP000155,CT0001395,GS0025,2026-06-26,sorteio,0.0
CTP000156,CT0001403,GC0040,2026-03-07,sorteio,0.0
CTP000157,CT0001405,GC0052,2025-09-16,sorteio,0.0
CTP000158,CT0001431,GI0036,2025-04-21,lance_fixo,85200.0
CTP000159,CT0001433,GA0005,2024-07-20,lance_livre,23780.74
CTP000160,CT0001436,GI0042,2026-01-21,lance_fixo,61875.0
CTP000161,CT0001437,GA0076,2025-03-06,lance_fixo,27175.0
CTP000162,CT0001452,GA0074,2025-07-27,lance_livre,55989.06
CTP000163,CT0001455,GI0032,2025-10-29,lance_fixo,141700.0
CTP000164,CT0001465,GA0048,2026-03-31,lance_livre,23974.81
CTP000165,CT0001472,GA0080,2026-07-22,lance_livre,54837.41
CTP000166,CT0001477,GA0079,2024-03-24,lance_fixo,16725.0
CTP000167,CT0001494,GA0045,2025-07-20,sorteio,0.0
CTP000168,CT0001500,GA0049,2025-05-04,lance_livre,9959.04
CTP000169,CT0001515,GI0017,2025-11-15,lance_fixo,47550.0
CTP000170,CT0001518,GI0011,2026-01-24,sorteio,0.0
CTP000171,CT0001529,GA0041,2024-10-20,sorteio,0.0
CTP000172,CT0001536,GS0020,2026-03-29,sorteio,0.0
CTP000173,CT0001554,GC0061,2026-02-06,lance_fixo,1200.0
CTP000174,CT0001561,GC0049,2024-08-10,lance_fixo,1900.0
CTP000175,CT0001568,GA0047,2026-06-12,sorteio,0.0
CTP000176,CT0001577,GI0019,2026-07-31,lance_livre,28442.05
CTP000177,CT0001578,GA0074,2025-03-23,sorteio,0.0
CTP000178,CT0001596,GA0036,2025-11-22,lance_livre,19907.52
CTP000179,CT0001611,GA0083,2025-06-14,lance_livre,62151.58
CTP000180,CT0001616,GI0042,2024-06-25,sorteio,0.0
CTP000181,CT0001640,GS0038,2026-01-06,lance_livre,4806.16
CTP000182,CT0001656,GI0000,2025-09-26,sorteio,0.0
CTP000183,CT0001659,GA0075,2024-12-13,sorteio,0.0
CTP000184,CT0001666,GS0016,2025-09-06,lance_fixo,7775.0
CTP000185,CT0001667,GS0039,2026-07-10,sorteio,0.0
CTP000186,CT0001683,GA0023,2026-05-16,sorteio,0.0
CTP000187,CT0001688,GS0000,2025-12-29,lance_livre,4061.77
CTP000188,CT0001702,GA0060,2026-01-16,lance_livre,14274.18
CTP000189,CT0001715,GA0086,2025-07-30,lance_livre,19714.52
CTP000190,CT0001728,GA0020,2026-02-23,sorteio,0.0
CTP000191,CT0001733,GA0010,2026-08-02,sorteio,0.0
CTP000192,CT0001734,GA0071,2026-02-22,sorteio,0.0
CTP000193,CT0001741,GA0040,2025-05-20,sorteio,0.0
CTP000194,CT0001747,GC0029,2025-12-17,lance_fixo,1350.0
CTP000195,CT0001752,GC0038,2026-04-23,sorteio,0.0
CTP000196,CT0001757,GS0035,2023-07-01,sorteio,0.0
CTP000197,CT0001763,GI0002,2025-11-22,sorteio,0.0
CTP000198,CT0001766,GC0037,2026-01-05,sorteio,0.0
CTP000199,CT0001769,GS0003,2025-12-19,sorteio,0.0
CTP000200,CT0001778,GI0043,2025-09-21,lance_livre,89663.67
CTP000201,CT0001784,GA0083,2024-08-22,sorteio,0.0
CTP000202,CT0001819,GI0037,2024-08-03,sorteio,0.0
CTP000203,CT0001821,GA0075,2026-07-12,sorteio,0.0
CTP000204,CT0001823,GC0008,2026-06-19,sorteio,0.0
CTP000205,CT0001853,GA0012,2025-09-08,sorteio,0.0
CTP000206,CT0001871,GI0040,2025-10-12,sorteio,0.0
CTP000207,CT0001882,GA0017,2025-10-25,sorteio,0.0
CTP000208,CT0001885,GS0010,2025-07-15,sorteio,0.0
CTP000209,CT0001888,GC0043,2025-12-03,sorteio,0.0
CTP000210,CT0001926,GA0061,2025-06-10,sorteio,0.0
CTP000211,CT0001933,GA0021,2026-07-06,sorteio,0.0
CTP000212,CT0001938,GI0025,2024-11-16,sorteio,0.0
CTP000213,CT0001946,GI0044,2025-11-09,sorteio,0.0
CTP000214,CT0001948,GC0029,2026-02-27,lance_fixo,1725.0
CTP000215,CT0001952,GS0032,2026-03-27,sorteio,0.0
CTP000216,CT0001966,GI0032,2025-06-14,sorteio,0.0
CTP000217,CT0001970,GA0069,2025-11-21,sorteio,0.0
CTP000218,CT0001980,GI0042,2025-02-14,lance_livre,155518.07
CTP000219,CT0001984,GA0053,2026-01-29,sorteio,0.0
CTP000220,CT0002010,GI0032,2024-01-23,sorteio,0.0
CTP000221,CT0002016,GC0050,2026-03-17,sorteio,0.0
CTP000222,CT0002022,GI0039,2025-08-06,lance_livre,183748.38
CTP000223,CT0002033,GA0050,2026-02-09,sorteio,0.0
CTP000224,CT0002040,GA0033,2026-03-29,sorteio,0.0
CTP000225,CT0002044,GS0010,2024-09-30,sorteio,0.0
CTP000226,CT0002050,GS0016,2024-07-22,sorteio,0.0
CTP000227,CT0002054,GC0008,2026-08-08,sorteio,0.0
CTP000228,CT0002069,GC0019,2024-11-21,sorteio,0.0
CTP000229,CT0002092,GA0050,2023-06-12,lance_livre,38570.8
CTP000230,CT0002107,GA0010,2024-06-26,sorteio,0.0
CTP000231,CT0002117,GI0038,2026-04-25,lance_fixo,53775.0
CTP000232,CT0002123,GI0041,2026-03-21,sorteio,0.0
CTP000233,CT0002127,GS0000,2026-06-07,lance_livre,12933.75
CTP000234,CT0002139,GS0006,2025-05-14,lance_fixo,8225.0
CTP000235,CT0002141,GA0065,2024-11-13,sorteio,0.0
CTP000236,CT0002149,GI0021,2026-01-19,lance_livre,250391.63
CTP000237,CT0002166,GI0004,2025-07-25,sorteio,0.0
CTP000238,CT0002168,GI0031,2024-07-26,lance_livre,201702.01
CTP000239,CT0002179,GA0032,2024-12-03,sorteio,0.0
CTP000240,CT0002197,GA0005,2025-05-19,sorteio,0.0
CTP000241,CT0002221,GI0024,2026-05-21,sorteio,0.0
CTP000242,CT0002222,GI0007,2024-09-05,sorteio,0.0
CTP000243,CT0002235,GA0042,2025-01-15,lance_livre,25824.84
CTP000244,CT0002253,GC0036,2025-10-15,sorteio,0.0
CTP000245,CT0002254,GS0013,2024-03-08,sorteio,0.0
CTP000246,CT0002260,GC0036,2024-12-27,sorteio,0.0
CTP000247,CT0002263,GC0053,2024-07-04,sorteio,0.0
CTP000248,CT0002270,GS0014,2023-09-11,sorteio,0.0
CTP000249,CT0002289,GC0025,2025-12-26,lance_livre,983.44
CTP000250,CT0002306,GI0018,2025-01-04,sorteio,0.0
CTP000251,CT0002314,GI0012,2025-03-26,sorteio,0.0
CTP000252,CT0002317,GA0056,2025-04-17,sorteio,0.0
CTP000253,CT0002338,GC0043,2025-07-08,sorteio,0.0
CTP000254,CT0002339,GI0035,2024-11-07,lance_fixo,90275.0
CTP000255,CT0002343,GI0024,2026-08-16,lance_livre,65776.8
CTP000256,CT0002344,GS0000,2025-10-27,lance_livre,9824.53
CTP000257,CT0002350,GI0027,2026-06-03,lance_fixo,62075.0
CTP000258,CT0002359,GI0022,2025-05-23,lance_livre,95483.78
CTP000259,CT0002390,GI0036,2025-08-23,lance_livre,92756.01
CTP000260,CT0002391,GA0021,2026-08-28,sorteio,0.0
CTP000261,CT0002398,GI0002,2026-01-19,sorteio,0.0
CTP000262,CT0002402,GS0005,2026-01-30,lance_fixo,5400.0
CTP000263,CT0002406,GI0015,2026-01-03,sorteio,0.0
CTP000264,CT0002411,GC0002,2025-03-19,lance_livre,3333.8
CTP000265,CT0002412,GS0032,2026-02-01,sorteio,0.0
CTP000266,CT0002427,GI0012,2024-12-17,sorteio,0.0
CTP000267,CT0002430,GA0019,2024-02-29,sorteio,0.0
CTP000268,CT0002437,GI0020,2023-09-10,sorteio,0.0
CTP000269,CT0002459,GI0010,2025-08-29,sorteio,0.0
CTP000270,CT0002486,GA0073,2025-10-20,lance_livre,19385.95
CTP000271,CT0002502,GI0032,2024-09-15,lance_livre,202885.83
CTP000272,CT0002508,GA0070,2025-02-22,sorteio,0.0
CTP000273,CT0002509,GA0045,2025-02-16,lance_fixo,17600.0
CTP000274,CT0002513,GI0005,2026-02-12,lance_livre,254621.91
CTP000275,CT0002516,GA0078,2024-10-04,lance_fixo,30375.0
CTP000276,CT0002519,GI0016,2025-02-22,sorteio,0.0
CTP000277,CT0002522,GA0066,2024-12-01,lance_livre,23917.94
CTP000278,CT0002525,GS0033,2025-03-05,sorteio,0.0
CTP000279,CT0002536,GS0009,2026-06-07,sorteio,0.0
CTP000280,CT0002545,GC0053,2026-02-28,lance_fixo,1450.0
CTP000281,CT0002550,GS0004,2024-06-13,sorteio,0.0
CTP000282,CT0002562,GI0042,2023-09-20,lance_livre,161962.21
CTP000283,CT0002570,GS0015,2025-01-10,sorteio,0.0
CTP000284,CT0002579,GI0011,2026-06-21,sorteio,0.0
CTP000285,CT0002589,GI0039,2026-05-25,lance_livre,105523.87
CTP000286,CT0002592,GI0004,2023-11-15,lance_fixo,82775.0
CTP000287,CT0002603,GA0021,2026-08-25,lance_fixo,28175.0
CTP000288,CT0002628,GA0014,2025-07-05,sorteio,0.0
CTP000289,CT0002630,GC0024,2024-11-04,sorteio,0.0
CTP000290,CT0002655,GC0006,2025-11-06,sorteio,0.0
CTP000291,CT0002657,GC0043,2025-11-26,lance_fixo,1275.0
CTP000292,CT0002671,GA0012,2024-09-13,sorteio,0.0
CTP000293,CT0002677,GC0014,2023-11-26,lance_livre,1450.58
CTP000294,CT0002689,GI0032,2023-07-18,sorteio,0.0
CTP000295,CT0002693,GS0020,2026-06-24,sorteio,0.0
CTP000296,CT0002698,GI0002,2026-01-18,sorteio,0.0
CTP000297,CT0002700,GA0045,2026-06-26,lance_fixo,14500.0
CTP000298,CT0002718,GA0055,2026-08-03,sorteio,0.0
CTP000299,CT0002748,GA0019,2026-04-13,sorteio,0.0
CTP000300,CT0002763,GA0041,2026-03-13,sorteio,0.0
CTP000301,CT0002764,GI0002,2024-06-23,lance_fixo,73350.0
CTP000302,CT0002766,GA0037,2025-10-20,sorteio,0.0
CTP000303,CT0002767,GI0040,2024-01-01,lance_livre,246724.76
CTP000304,CT0002768,GI0003,2025-09-22,lance_livre,66503.4
CTP000305,CT0002774,GI0000,2023-10-25,sorteio,0.0
CTP000306,CT0002775,GA0080,2025-10-04,lance_livre,25003.42
CTP000307,CT0002789,GA0076,2023-12-26,lance_livre,43478.4
CTP000308,CT0002834,GA0021,2025-11-30,lance_livre,21851.01
CTP000309,CT0002837,GA0089,2025-11-10,lance_fixo,15700.0
CTP000310,CT0002839,GS0009,2024-01-22,sorteio,0.0
CTP000311,CT0002842,GA0014,2024-06-09,lance_livre,40235.99
CTP000312,CT0002854,GC0037,2026-03-22,lance_fixo,775.0
CTP000313,CT0002869,GA0047,2026-03-23,lance_livre,20495.48
CTP000314,CT0002884,GI0007,2024-07-18,lance_fixo,59650.0
CTP000315,CT0002886,GA0084,2026-02-17,lance_fixo,32225.0
CTP000316,CT0002887,GC0025,2025-08-30,sorteio,0.0
CTP000317,CT0002900,GA0036,2026-08-01,sorteio,0.0
CTP000318,CT0002910,GI0004,2024-03-05,sorteio,0.0
CTP000319,CT0002917,GI0038,2026-03-29,sorteio,0.0
CTP000320,CT0002930,GI0004,2025-06-22,lance_fixo,136925.0
CTP000321,CT0002946,GI0006,2026-05-02,lance_fixo,123925.0
CTP000322,CT0002960,GI0038,2026-01-14,sorteio,0.0
CTP000323,CT0002968,GA0052,2026-05-05,sorteio,0.0
CTP000324,CT0002970,GI0002,2025-12-05,lance_livre,84858.1
CTP000325,CT0002990,GA0067,2025-09-27,sorteio,0.0
CTP000326,CT0002994,GC0048,2024-01-02,sorteio,0.0
CTP000327,CT0002999,GC0031,2025-12-23,sorteio,0.0
CTP000328,CT0003006,GA0028,2025-09-11,sorteio,0.0
CTP000329,CT0003037,GA0038,2024-08-23,sorteio,0.0
CTP000330,CT0003053,GC0014,2025-12-06,sorteio,0.0
CTP000331,CT0003065,GC0028,2025-09-19,sorteio,0.0
CTP000332,CT0003066,GS0027,2025-10-20,lance_livre,17978.83
CTP000333,CT0003090,GA0004,2025-04-03,lance_livre,17357.93
CTP000334,CT0003096,GI0015,2025-08-13,sorteio,0.0
CTP000335,CT0003098,GI0034,2025-12-06,lance_livre,128889.64
CTP000336,CT0003106,GI0010,2026-08-16,lance_livre,177728.51
CTP000337,CT0003145,GI0012,2025-10-17,sorteio,0.0
CTP000338,CT0003153,GC0058,2024-12-13,sorteio,0.0
CTP000339,CT0003157,GC0028,2026-02-26,lance_livre,1150.46
CTP000340,CT0003165,GS0015,2026-06-11,lance_livre,6108.22
CTP000341,CT0003184,GI0010,2025-11-26,sorteio,0.0
CTP000342,CT0003186,GC0008,2024-06-26,lance_livre,1117.14
CTP000343,CT0003190,GI0016,2025-05-22,sorteio,0.0
CTP000344,CT0003206,GA0012,2024-12-08,lance_livre,19244.42
CTP000345,CT0003208,GC0023,2026-03-06,sorteio,0.0
CTP000346,CT0003210,GS0015,2024-11-11,sorteio,0.0
CTP000347,CT0003247,GA0055,2025-10-21,lance_livre,32318.29
CTP000348,CT0003263,GI0032,2026-07-27,sorteio,0.0
CTP000349,CT0003264,GA0008,2024-08-13,sorteio,0.0
CTP000350,CT0003282,GC0009,2026-07-23,sorteio,0.0
CTP000351,CT0003288,GC0011,2025-06-11,sorteio,0.0
CTP000352,CT0003289,GI0026,2025-05-25,sorteio,0.0
CTP000353,CT0003308,GA0004,2025-04-29,lance_livre,13258.36
CTP000354,CT0003320,GC0028,2025-01-26,sorteio,0.0
CTP000355,CT0003333,GC0031,2025-06-12,sorteio,0.0
CTP000356,CT0003335,GA0065,2025-10-06,lance_livre,16929.48
CTP000357,CT0003340,GA0025,2024-09-28,lance_livre,21279.57
CTP000358,CT0003343,GA0064,2026-04-01,sorteio,0.0
CTP000359,CT0003345,GS0007,2025-02-05,sorteio,0.0
CTP000360,CT0003361,GA0083,2024-04-07,sorteio,0.0
CTP000361,CT0003367,GI0036,2026-01-26,sorteio,0.0
CTP000362,CT0003368,GC0059,2026-02-06,sorteio,0.0
CTP000363,CT0003371,GA0059,2025-11-04,sorteio,0.0
CTP000364,CT0003372,GC0031,2025-03-12,sorteio,0.0
CTP000365,CT0003374,GA0028,2026-06-07,lance_fixo,22525.0
CTP000366,CT0003375,GA0085,2026-08-15,sorteio,0.0
CTP000367,CT0003378,GA0066,2023-11-08,sorteio,0.0
CTP000368,CT0003382,GI0027,2025-12-17,sorteio,0.0
CTP000369,CT0003388,GC0002,2025-01-24,sorteio,0.0
CTP000370,CT0003399,GA0057,2025-03-16,lance_fixo,16375.0
CTP000371,CT0003419,GA0019,2024-08-19,lance_fixo,17650.0
CTP000372,CT0003432,GA0036,2024-12-24,sorteio,0.0
CTP000373,CT0003448,GA0069,2025-01-23,sorteio,0.0
CTP000374,CT0003451,GA0051,2025-12-15,lance_fixo,26225.0
CTP000375,CT0003457,GI0003,2026-06-22,lance_livre,68494.89
CTP000376,CT0003460,GC0015,2026-04-16,lance_livre,2204.48
CTP000377,CT0003493,GS0036,2025-03-10,lance_livre,1077.03
CTP000378,CT0003498,GS0030,2025-09-26,sorteio,0.0
CTP000379,CT0003505,GA0033,2026-05-28,sorteio,0.0
CTP000380,CT0003518,GA0056,2026-07-20,sorteio,0.0
CTP000381,CT0003526,GA0043,2025-06-27,lance_livre,43881.95
CTP000382,CT0003546,GS0009,2026-03-03,sorteio,0.0
CTP000383,CT0003554,GA0071,2024-03-15,lance_livre,27542.18
CTP000384,CT0003595,GA0021,2025-12-26,sorteio,0.0
CTP000385,CT0003596,GI0027,2025-05-30,sorteio,0.0
CTP000386,CT0003598,GA0060,2025-10-29,lance_livre,28317.57
CTP000387,CT0003609,GS0010,2025-05-06,lance_livre,3544.75
CTP000388,CT0003610,GA0060,2025-02-08,lance_fixo,13100.0
CTP000389,CT0003612,GS0016,2026-02-28,sorteio,0.0
CTP000390,CT0003619,GI0032,2024-03-16,lance_livre,144097.09
CTP000391,CT0003622,GC0055,2026-05-05,sorteio,0.0
CTP000392,CT0003634,GA0039,2026-04-19,sorteio,0.0
CTP000393,CT0003651,GA0032,2024-06-14,lance_livre,10877.93
CTP000394,CT0003654,GS0004,2025-10-19,lance_livre,6680.7
CTP000395,CT0003659,GA0033,2026-04-03,sorteio,0.0
CTP000396,CT0003708,GI0016,2026-08-12,lance_livre,302278.78
CTP000397,CT0003715,GA0006,2025-07-08,lance_fixo,25475.0
CTP000398,CT0003730,GA0003,2026-07-08,sorteio,0.0
CTP000399,CT0003734,GA0068,2025-06-10,sorteio,0.0
CTP000400,CT0003739,GA0020,2026-06-20,sorteio,0.0
CTP000401,CT0003752,GA0019,2026-01-17,sorteio,0.0
CTP000402,CT0003757,GI0032,2024-10-18,sorteio,0.0
CTP000403,CT0003759,GI0032,2025-05-07,lance_livre,190706.52
CTP000404,CT0003767,GI0015,2024-07-08,sorteio,0.0
CTP000405,CT0003779,GC0051,2025-10-08,lance_fixo,975.0
CTP000406,CT0003790,GA0081,2025-07-02,sorteio,0.0
CTP000407,CT0003798,GS0037,2024-12-17,sorteio,0.0
CTP000408,CT0003803,GC0065,2025-08-20,sorteio,0.0
CTP000409,CT0003806,GS0007,2026-03-21,lance_livre,4126.64
CTP000410,CT0003821,GI0020,2025-09-20,sorteio,0.0
CTP000411,CT0003823,GC0009,2025-12-12,lance_livre,1010.73
CTP000412,CT0003835,GI0043,2026-06-02,sorteio,0.0
CTP000413,CT0003841,GI0028,2026-07-08,sorteio,0.0
CTP000414,CT0003843,GA0083,2026-08-22,sorteio,0.0
CTP000415,CT0003853,GA0005,2026-01-01,sorteio,0.0
CTP000416,CT0003856,GI0040,2025-10-10,sorteio,0.0
CTP000417,CT0003887,GI0032,2025-06-15,sorteio,0.0
CTP000418,CT0003912,GC0001,2025-07-12,sorteio,0.0
CTP000419,CT0003917,GI0041,2026-04-17,lance_livre,74430.32
CTP000420,CT0003921,GA0000,2025-06-26,sorteio,0.0
CTP000421,CT0003922,GI0039,2026-01-02,sorteio,0.0
CTP000422,CT0003923,GS0001,2024-12-09,lance_livre,5870.38
CTP000423,CT0003926,GC0050,2026-01-28,sorteio,0.0
CTP000424,CT0003928,GC0007,2023-11-08,sorteio,0.0
CTP000425,CT0003931,GS0027,2025-05-22,sorteio,0.0
CTP000426,CT0003948,GA0072,2024-07-24,sorteio,0.0
CTP000427,CT0003954,GS0033,2026-06-02,lance_livre,14281.03
CTP000428,CT0003956,GS0036,2025-12-02,lance_fixo,3125.0
CTP000429,CT0003958,GA0003,2026-03-16,lance_livre,23713.57
CTP000430,CT0003964,GA0085,2026-03-03,sorteio,0.0
CTP000431,CT0003968,GA0089,2026-04-10,sorteio,0.0
CTP000432,CT0003977,GA0026,2026-08-22,sorteio,0.0
CTP000433,CT0003983,GC0001,2026-03-08,sorteio,0.0
CTP000434,CT0003984,GA0008,2026-04-19,lance_livre,24529.88
CTP000435,CT0003990,GA0049,2026-06-21,sorteio,0.0
CTP000436,CT0003991,GS0034,2025-11-14,sorteio,0.0
CTP000437,CT0004001,GC0042,2024-12-26,sorteio,0.0
CTP000438,CT0004018,GI0028,2025-11-11,sorteio,0.0
CTP000439,CT0004035,GI0039,2025-06-03,lance_livre,262705.68
CTP000440,CT0004041,GC0032,2024-05-19,sorteio,0.0
CTP000441,CT0004051,GI0012,2025-10-01,sorteio,0.0
CTP000442,CT0004052,GS0016,2025-05-22,sorteio,0.0
CTP000443,CT0004053,GS0031,2024-06-26,sorteio,0.0
CTP000444,CT0004057,GI0006,2024-03-04,sorteio,0.0
CTP000445,CT0004063,GA0068,2026-02-17,sorteio,0.0
CTP000446,CT0004071,GA0019,2025-03-12,sorteio,0.0
CTP000447,CT0004081,GC0041,2025-08-30,sorteio,0.0
CTP000448,CT0004085,GA0074,2025-03-23,lance_fixo,17325.0
CTP000449,CT0004091,GI0008,2025-10-08,sorteio,0.0
CTP000450,CT0004099,GS0020,2023-11-02,lance_livre,5516.83
CTP000451,CT0004108,GI0020,2025-05-24,sorteio,0.0
CTP000452,CT0004116,GA0081,2025-10-12,lance_fixo,27300.0
CTP000453,CT0004126,GI0010,2025-06-28,sorteio,0.0
CTP000454,CT0004127,GI0003,2026-04-03,sorteio,0.0
CTP000455,CT0004130,GI0028,2026-08-03,lance_livre,281125.05
CTP000456,CT0004139,GS0030,2026-02-28,lance_livre,10246.19
CTP000457,CT0004140,GI0011,2023-07-25,sorteio,0.0
CTP000458,CT0004145,GC0031,2025-03-22,sorteio,0.0
CTP000459,CT0004177,GA0009,2026-05-28,sorteio,0.0
CTP000460,CT0004186,GC0024,2023-07-29,lance_livre,1571.98
CTP000461,CT0004196,GA0065,2024-08-07,sorteio,0.0
CTP000462,CT0004199,GA0043,2026-06-17,sorteio,0.0
CTP000463,CT0004223,GA0037,2026-04-04,sorteio,0.0
CTP000464,CT0004227,GI0024,2025-05-09,sorteio,0.0
CTP000465,CT0004231,GI0003,2026-05-25,sorteio,0.0
CTP000466,CT0004237,GA0071,2024-12-18,sorteio,0.0
CTP000467,CT0004241,GI0029,2025-02-21,sorteio,0.0
CTP000468,CT0004242,GI0007,2025-05-12,lance_livre,137267.2
CTP000469,CT0004268,GA0011,2024-01-03,sorteio,0.0
CTP000470,CT0004293,GC0030,2026-03-02,sorteio,0.0
CTP000471,CT0004294,GS0010,2025-03-29,sorteio,0.0
CTP000472,CT0004306,GS0004,2026-08-04,sorteio,0.0
CTP000473,CT0004317,GA0022,2026-01-19,lance_livre,11256.14
CTP000474,CT0004342,GA0039,2025-01-02,sorteio,0.0
CTP000475,CT0004375,GI0009,2025-04-13,sorteio,0.0
CTP000476,CT0004378,GA0052,2025-01-07,sorteio,0.0
CTP000477,CT0004379,GI0034,2025-12-13,sorteio,0.0
CTP000478,CT0004425,GC0012,2026-06-27,sorteio,0.0
CTP000479,CT0004428,GS0036,2026-02-11,lance_fixo,8600.0
CTP000480,CT0004430,GC0038,2026-01-01,sorteio,0.0
CTP000481,CT0004437,GC0012,2025-09-19,lance_livre,2914.93
CTP000482,CT0004450,GA0062,2026-05-11,lance_livre,29421.77
CTP000483,CT0004455,GI0020,2026-05-18,sorteio,0.0
CTP000484,CT0004471,GA0067,2025-12-05,lance_fixo,12500.0
CTP000485,CT0004474,GI0038,2026-04-04,sorteio,0.0
CTP000486,CT0004487,GA0056,2025-10-28,sorteio,0.0
CTP000487,CT0004500,GI0038,2026-04-12,sorteio,0.0
CTP000488,CT0004504,GC0033,2024-11-30,sorteio,0.0
CTP000489,CT0004518,GI0028,2024-01-09,lance_livre,178358.32
CTP000490,CT0004544,GI0007,2026-08-04,sorteio,0.0
CTP000491,CT0004562,GC0027,2025-07-28,sorteio,0.0
CTP000492,CT0004568,GA0057,2024-07-14,lance_fixo,23275.0
CTP000493,CT0004586,GC0046,2025-11-14,sorteio,0.0
CTP000494,CT0004591,GI0008,2025-04-05,lance_fixo,68150.0
CTP000495,CT0004605,GI0030,2026-08-02,sorteio,0.0
CTP000496,CT0004607,GA0042,2025-10-16,sorteio,0.0
CTP000497,CT0004612,GA0084,2026-04-23,lance_livre,26372.21
CTP000498,CT0004613,GS0018,2024-10-04,sorteio,0.0
CTP000499,CT0004628,GI0025,2026-07-23,lance_fixo,97300.0
CTP000500,CT0004634,GI0013,2024-09-11,sorteio,0.0
CTP000501,CT0004651,GS0000,2025-10-16,sorteio,0.0
CTP000502,CT0004655,GA0010,2024-04-19,sorteio,0.0
CTP000503,CT0004659,GC0045,2026-06-01,lance_livre,517.97
CTP000504,CT0004683,GI0004,2026-07-25,lance_livre,54344.86
CTP000505,CT0004714,GC0024,2023-11-03,lance_fixo,1000.0
CTP000506,CT0004722,GC0046,2025-11-13,lance_livre,1426.39
CTP000507,CT0004727,GA0047,2026-06-27,sorteio,0.0
CTP000508,CT0004730,GC0038,2025-05-30,sorteio,0.0
CTP000509,CT0004734,GA0039,2025-07-29,sorteio,0.0
CTP000510,CT0004736,GA0051,2026-02-28,sorteio,0.0
CTP000511,CT0004738,GA0010,2024-04-28,sorteio,0.0
CTP000512,CT0004763,GC0024,2025-11-30,sorteio,0.0
CTP000513,CT0004766,GA0076,2026-08-09,sorteio,0.0
CTP000514,CT0004795,GI0002,2025-03-04,lance_livre,112267.78
CTP000515,CT0004798,GI0020,2026-03-23,lance_livre,155223.7
CTP000516,CT0004813,GA0081,2026-05-25,sorteio,0.0
CTP000517,CT0004814,GA0065,2025-12-09,sorteio,0.0
CTP000518,CT0004819,GA0033,2024-06-29,lance_livre,23217.89
CTP000519,CT0004821,GI0013,2025-08-24,sorteio,0.0
CTP000520,CT0004831,GA0015,2025-04-06,sorteio,0.0
CTP000521,CT0004833,GA0073,2026-08-05,lance_fixo,20800.0
CTP000522,CT0004837,GC0051,2026-06-01,sorteio,0.0
CTP000523,CT0004849,GI0019,2025-12-23,sorteio,0.0
CTP000524,CT0004854,GA0010,2026-04-05,lance_fixo,13550.0
CTP000525,CT0004861,GI0003,2023-04-11,sorteio,0.0
CTP000526,CT0004869,GI0009,2025-11-07,sorteio,0.0
CTP000527,CT0004870,GC0028,2023-12-02,sorteio,0.0
CTP000528,CT0004876,GS0009,2025-12-10,sorteio,0.0
CTP000529,CT0004890,GI0019,2026-04-27,lance_livre,56954.51
CTP000530,CT0004897,GA0010,2026-01-22,sorteio,0.0
CTP000531,CT0004910,GC0023,2025-12-14,lance_livre,1377.47
CTP000532,CT0004912,GC0031,2026-05-06,lance_livre,762.92
CTP000533,CT0004913,GC0000,2025-08-16,lance_livre,772.54
CTP000534,CT0004941,GI0026,2025-10-01,sorteio,0.0
CTP000535,CT0004944,GI0010,2025-09-30,sorteio,0.0
CTP000536,CT0004946,GS0015,2025-01-08,sorteio,0.0
CTP000537,CT0004972,GA0047,2026-03-13,sorteio,0.0
CTP000538,CT0004994,GA0078,2026-05-01,sorteio,0.0
CTP000539,CT0005031,GI0037,2024-10-20,lance_livre,124487.08
CTP000540,CT0005072,GI0018,2025-12-12,sorteio,0.0
CTP000541,CT0005080,GS0036,2024-05-07,sorteio,0.0
CTP000542,CT0005082,GA0010,2025-09-11,sorteio,0.0
CTP000543,CT0005086,GI0040,2026-08-17,lance_fixo,75375.0
CTP000544,CT0005102,GC0024,2025-11-20,sorteio,0.0
CTP000545,CT0005120,GS0021,2025-12-21,sorteio,0.0
CTP000546,CT0005130,GA0045,2026-04-17,lance_livre,36670.39
CTP000547,CT0005140,GA0005,2025-03-24,sorteio,0.0
CTP000548,CT0005147,GC0019,2025-08-27,sorteio,0.0
CTP000549,CT0005151,GA0023,2023-09-05,sorteio,0.0
CTP000550,CT0005154,GC0026,2026-03-14,sorteio,0.0
CTP000551,CT0005157,GI0002,2024-04-27,sorteio,0.0
CTP000552,CT0005170,GC0025,2025-03-29,lance_livre,1869.68
CTP000553,CT0005178,GS0023,2026-07-28,lance_livre,5028.73
CTP000554,CT0005185,GS0027,2026-04-13,sorteio,0.0
CTP000555,CT0005190,GA0028,2026-04-20,lance_livre,7244.8
CTP000556,CT0005198,GI0019,2025-04-06,lance_livre,236286.77
CTP000557,CT0005209,GS0020,2025-03-31,sorteio,0.0
CTP000558,CT0005228,GA0088,2025-07-15,sorteio,0.0
CTP000559,CT0005231,GS0015,2026-02-06,sorteio,0.0
CTP000560,CT0005236,GA0057,2025-01-26,sorteio,0.0
CTP000561,CT0005243,GA0054,2025-12-22,lance_livre,24360.57
CTP000562,CT0005256,GS0019,2023-09-04,lance_fixo,7700.0
CTP000563,CT0005264,GA0045,2025-10-14,sorteio,0.0
CTP000564,CT0005268,GA0011,2025-03-08,sorteio,0.0
CTP000565,CT0005273,GI0026,2025-06-22,sorteio,0.0
CTP000566,CT0005282,GC0052,2024-01-22,sorteio,0.0
CTP000567,CT0005291,GI0027,2026-01-17,sorteio,0.0
CTP000568,CT0005295,GC0005,2024-08-17,sorteio,0.0
CTP000569,CT0005306,GC0006,2025-03-04,lance_fixo,850.0
CTP000570,CT0005309,GI0011,2025-07-18,lance_livre,110475.15
CTP000571,CT0005310,GA0003,2025-06-11,sorteio,0.0
CTP000572,CT0005314,GI0019,2024-06-29,sorteio,0.0
CTP000573,CT0005325,GS0004,2024-05-19,sorteio,0.0
CTP000574,CT0005373,GA0039,2023-08-10,lance_livre,12897.55
CTP000575,CT0005379,GA0040,2026-05-31,lance_livre,24603.82
CTP000576,CT0005404,GA0009,2023-12-25,lance_livre,29980.81
CTP000577,CT0005405,GA0063,2025-08-11,lance_livre,13162.81
CTP000578,CT0005418,GA0001,2025-08-19,sorteio,0.0
CTP000579,CT0005438,GA0034,2026-08-15,sorteio,0.0
CTP000580,CT0005452,GS0037,2026-06-28,sorteio,0.0
CTP000581,CT0005460,GA0048,2025-07-26,lance_fixo,29900.0
CTP000582,CT0005464,GI0026,2026-02-10,sorteio,0.0
CTP000583,CT0005513,GA0012,2025-03-05,sorteio,0.0
CTP000584,CT0005514,GC0061,2025-11-09,lance_livre,1173.25
CTP000585,CT0005517,GI0019,2026-03-07,lance_livre,238744.74
CTP000586,CT0005522,GA0045,2025-12-16,sorteio,0.0
CTP000587,CT0005530,GA0010,2024-10-02,lance_fixo,28775.0
CTP000588,CT0005540,GI0027,2025-11-30,sorteio,0.0
CTP000589,CT0005545,GS0030,2026-04-10,lance_livre,3677.11
CTP000590,CT0005546,GS0014,2025-11-05,sorteio,0.0
CTP000591,CT0005562,GS0027,2024-11-26,sorteio,0.0
CTP000592,CT0005565,GA0088,2026-07-17,sorteio,0.0
CTP000593,CT0005569,GC0008,2026-01-30,lance_livre,2538.96
CTP000594,CT0005578,GA0065,2025-10-17,lance_livre,7127.91
CTP000595,CT0005580,GA0048,2024-08-07,sorteio,0.0
CTP000596,CT0005582,GA0039,2025-04-02,sorteio,0.0
CTP000597,CT0005612,GA0006,2024-11-16,lance_livre,21574.43
CTP000598,CT0005618,GA0072,2025-09-05,sorteio,0.0
CTP000599,CT0005623,GA0054,2026-01-06,sorteio,0.0
CTP000600,CT0005632,GC0048,2026-02-25,lance_livre,4061.64
CTP000601,CT0005657,GS0014,2024-04-22,sorteio,0.0
CTP000602,CT0005659,GA0027,2026-03-23,lance_livre,30319.21
CTP000603,CT0005664,GA0073,2026-04-28,sorteio,0.0
CTP000604,CT0005669,GI0042,2023-12-02,sorteio,0.0
CTP000605,CT0005673,GA0057,2025-10-23,sorteio,0.0
CTP000606,CT0005694,GA0078,2026-02-25,lance_livre,55767.28
CTP000607,CT0005702,GS0010,2025-03-30,sorteio,0.0
CTP000608,CT0005703,GS0003,2025-09-26,sorteio,0.0
CTP000609,CT0005704,GA0073,2024-07-16,sorteio,0.0
CTP000610,CT0005735,GI0019,2024-08-11,sorteio,0.0
CTP000611,CT0005767,GI0009,2024-08-04,lance_fixo,161375.0
CTP000612,CT0005769,GC0043,2026-04-09,sorteio,0.0
CTP000613,CT0005780,GA0078,2026-03-15,sorteio,0.0
CTP000614,CT0005795,GS0036,2026-07-28,lance_livre,11889.79
CTP000615,CT0005811,GC0040,2024-10-25,sorteio,0.0
CTP000616,CT0005822,GA0042,2026-07-01,lance_livre,12052.85
CTP000617,CT0005829,GA0054,2024-04-27,lance_livre,10676.85
CTP000618,CT0005844,GA0014,2024-12-21,sorteio,0.0
CTP000619,CT0005845,GC0016,2025-04-13,sorteio,0.0
CTP000620,CT0005853,GI0017,2025-12-23,lance_livre,114199.66
CTP000621,CT0005859,GA0021,2023-04-25,sorteio,0.0
CTP000622,CT0005864,GI0016,2026-07-09,sorteio,0.0
CTP000623,CT0005890,GS0017,2025-07-21,lance_livre,3846.54
CTP000624,CT0005897,GA0088,2026-04-13,sorteio,0.0
CTP000625,CT0005901,GC0026,2025-12-02,sorteio,0.0
CTP000626,CT0005922,GS0005,2025-02-24,sorteio,0.0
CTP000627,CT0005927,GA0037,2024-09-11,sorteio,0.0
CTP000628,CT0005956,GA0005,2026-01-31,sorteio,0.0
CTP000629,CT0005965,GI0014,2024-12-11,sorteio,0.0
CTP000630,CT0005966,GC0008,2025-08-02,sorteio,0.0
CTP000631,CT0005971,GI0013,2026-05-18,lance_livre,76746.49
CTP000632,CT0005991,GI0000,2026-05-08,lance_livre,78273.7
CTP000633,CT0005997,GA0046,2026-08-08,lance_livre,26191.18
CTP000634,CT0006001,GS0020,2025-12-02,lance_fixo,1850.0
CTP000635,CT0006029,GA0028,2025-01-20,sorteio,0.0
CTP000636,CT0006052,GI0043,2026-04-10,sorteio,0.0
CTP000637,CT0006083,GI0018,2025-02-08,sorteio,0.0
CTP000638,CT0006090,GC0068,2025-09-03,lance_livre,1785.27
CTP000639,CT0006110,GA0013,2026-04-24,sorteio,0.0
CTP000640,CT0006125,GA0061,2025-12-05,lance_fixo,26175.0
CTP000641,CT0006145,GC0040,2024-10-18,sorteio,0.0
CTP000642,CT0006155,GC0040,2026-02-12,lance_livre,687.7
CTP000643,CT0006172,GA0076,2026-02-07,lance_livre,40566.27
CTP000644,CT0006178,GA0065,2025-08-28,sorteio,0.0
CTP000645,CT0006194,GA0052,2025-06-20,lance_livre,32628.56
CTP000646,CT0006199,GA0058,2024-11-25,sorteio,0.0
CTP000647,CT0006214,GS0019,2024-02-29,sorteio,0.0
CTP000648,CT0006230,GS0030,2025-09-09,lance_livre,14752.4
CTP000649,CT0006251,GA0069,2023-06-25,sorteio,0.0
CTP000650,CT0006258,GI0038,2026-03-03,lance_livre,275961.83
CTP000651,CT0006264,GI0033,2025-09-21,sorteio,0.0
CTP000652,CT0006280,GA0001,2025-05-21,sorteio,0.0
CTP000653,CT0006284,GA0018,2025-07-06,sorteio,0.0
CTP000654,CT0006291,GA0071,2026-07-17,sorteio,0.0
CTP000655,CT0006303,GA0011,2026-08-13,lance_livre,34996.18
CTP000656,CT0006307,GC0035,2025-01-30,sorteio,0.0
CTP000657,CT0006312,GI0043,2025-04-23,lance_livre,102840.02
CTP000658,CT0006324,GI0006,2025-06-03,sorteio,0.0
CTP000659,CT0006325,GI0022,2024-07-31,sorteio,0.0
CTP000660,CT0006328,GS0037,2025-10-25,sorteio,0.0
CTP000661,CT0006347,GA0046,2025-01-02,lance_fixo,21650.0
CTP000662,CT0006349,GC0067,2024-08-19,sorteio,0.0
CTP000663,CT0006352,GI0039,2026-07-03,lance_livre,115463.44
CTP000664,CT0006358,GA0056,2025-10-14,sorteio,0.0
CTP000665,CT0006359,GC0019,2026-08-14,sorteio,0.0
CTP000666,CT0006370,GI0009,2026-08-15,sorteio,0.0
CTP000667,CT0006371,GI0041,2024-01-26,lance_fixo,104350.0
CTP000668,CT0006374,GC0056,2024-10-06,lance_livre,888.78
CTP000669,CT0006391,GI0025,2026-08-01,sorteio,0.0
CTP000670,CT0006403,GI0038,2025-10-21,sorteio,0.0
CTP000671,CT0006404,GA0007,2026-03-06,sorteio,0.0
CTP000672,CT0006416,GC0024,2025-04-12,sorteio,0.0
CTP000673,CT0006428,GI0026,2025-02-03,sorteio,0.0
CTP000674,CT0006434,GC0045,2025-02-07,lance_fixo,675.0
CTP000675,CT0006436,GA0040,2025-12-18,sorteio,0.0
CTP000676,CT0006439,GI0038,2025-08-26,lance_livre,66541.27
CTP000677,CT0006451,GA0002,2025-02-14,lance_livre,21998.75
CTP000678,CT0006455,GI0020,2025-12-21,sorteio,0.0
CTP000679,CT0006475,GA0048,2025-07-30,lance_livre,25666.54
CTP000680,CT0006476,GA0041,2025-12-20,sorteio,0.0
CTP000681,CT0006478,GS0019,2026-01-06,sorteio,0.0
CTP000682,CT0006517,GA0085,2023-09-22,lance_livre,33152.28
CTP000683,CT0006519,GA0079,2025-10-07,lance_livre,35288.2
CTP000684,CT0006521,GC0053,2025-04-06,sorteio,0.0
CTP000685,CT0006538,GA0078,2023-08-19,sorteio,0.0
CTP000686,CT0006544,GC0069,2026-06-18,sorteio,0.0
CTP000687,CT0006553,GC0068,2024-07-21,sorteio,0.0
CTP000688,CT0006561,GS0029,2025-11-26,lance_livre,6491.71
CTP000689,CT0006572,GA0071,2025-07-25,sorteio,0.0
CTP000690,CT0006586,GA0022,2025-01-23,sorteio,0.0
CTP000691,CT0006589,GI0014,2025-01-18,sorteio,0.0
CTP000692,CT0006593,GC0059,2025-03-26,sorteio,0.0
CTP000693,CT0006600,GA0055,2025-03-11,sorteio,0.0
CTP000694,CT0006609,GC0042,2025-02-25,lance_fixo,2150.0
CTP000695,CT0006610,GA0027,2024-08-15,sorteio,0.0
CTP000696,CT0006612,GI0042,2024-12-20,sorteio,0.0
CTP000697,CT0006613,GC0000,2026-02-02,sorteio,0.0
CTP000698,CT0006616,GA0045,2026-07-20,sorteio,0.0
CTP000699,CT0006628,GA0028,2024-04-19,sorteio,0.0
CTP000700,CT0006654,GC0031,2024-11-04,lance_livre,386.84
CTP000701,CT0006669,GI0041,2026-06-02,sorteio,0.0
CTP000702,CT0006678,GA0081,2026-03-29,sorteio,0.0
CTP000703,CT0006679,GA0042,2024-09-07,sorteio,0.0
CTP000704,CT0006702,GA0028,2025-06-10,sorteio,0.0
CTP000705,CT0006726,GA0042,2025-08-08,sorteio,0.0
CTP000706,CT0006728,GA0089,2025-08-26,sorteio,0.0
CTP000707,CT0006730,GA0087,2025-08-07,sorteio,0.0
CTP000708,CT0006735,GS0005,2025-01-07,sorteio,0.0
CTP000709,CT0006741,GI0037,2025-06-13,lance_livre,93864.68
CTP000710,CT0006744,GS0022,2026-06-12,lance_livre,11492.27
CTP000711,CT0006748,GI0029,2024-12-16,lance_livre,69233.22
CTP000712,CT0006753,GA0012,2023-08-02,sorteio,0.0
CTP000713,CT0006756,GI0039,2025-12-12,sorteio,0.0
CTP000714,CT0006767,GC0001,2024-10-05,lance_fixo,2100.0
CTP000715,CT0006770,GI0022,2026-05-21,lance_fixo,110200.0
CTP000716,CT0006783,GC0046,2025-06-13,sorteio,0.0
CTP000717,CT0006802,GI0004,2025-01-12,sorteio,0.0
CTP000718,CT0006821,GC0037,2026-03-10,lance_livre,535.58
CTP000719,CT0006835,GI0009,2026-01-09,sorteio,0.0
CTP000720,CT0006836,GC0015,2025-02-22,lance_livre,749.13
CTP000721,CT0006853,GC0055,2024-04-17,lance_livre,1015.11
CTP000722,CT0006855,GC0038,2023-12-27,sorteio,0.0
CTP000723,CT0006868,GI0019,2026-08-21,sorteio,0.0
CTP000724,CT0006876,GA0025,2025-11-04,sorteio,0.0
CTP000725,CT0006879,GS0014,2026-01-21,lance_fixo,1625.0
CTP000726,CT0006880,GA0084,2026-05-29,lance_livre,33173.84
CTP000727,CT0006881,GS0000,2025-05-27,sorteio,0.0
CTP000728,CT0006887,GA0022,2024-06-23,sorteio,0.0
CTP000729,CT0006897,GI0032,2025-12-03,sorteio,0.0
CTP000730,CT0006904,GA0089,2025-03-28,lance_livre,33971.46
CTP000731,CT0006905,GA0010,2026-05-26,lance_livre,9768.5
CTP000732,CT0006930,GI0038,2026-03-19,lance_fixo,75600.0
CTP000733,CT0006933,GI0010,2025-08-05,lance_livre,131408.44
CTP000734,CT0006965,GA0019,2025-06-18,sorteio,0.0
CTP000735,CT0006981,GI0036,2026-03-01,sorteio,0.0
CTP000736,CT0006985,GC0010,2024-12-03,lance_fixo,450.0
CTP000737,CT0006997,GA0033,2026-01-15,lance_livre,34733.28
CTP000738,CT0006999,GS0036,2024-08-19,lance_fixo,8625.0
CTP000739,CT0007015,GC0006,2026-08-22,sorteio,0.0
CTP000740,CT0007026,GA0031,2026-04-11,lance_livre,28773.22
CTP000741,CT0007034,GA0056,2025-10-16,sorteio,0.0
CTP000742,CT0007040,GA0039,2025-05-15,sorteio,0.0
CTP000743,CT0007042,GA0028,2024-03-19,lance_fixo,14100.0
CTP000744,CT0007046,GA0083,2024-02-24,sorteio,0.0
CTP000745,CT0007056,GI0001,2025-04-29,sorteio,0.0
CTP000746,CT0007068,GA0000,2026-06-22,lance_livre,16063.0
CTP000747,CT0007096,GI0034,2026-06-29,lance_fixo,111000.0
CTP000748,CT0007106,GA0008,2025-11-08,sorteio,0.0
CTP000749,CT0007107,GC0058,2025-07-07,sorteio,0.0
CTP000750,CT0007134,GA0014,2025-09-18,sorteio,0.0
CTP000751,CT0007139,GA0050,2025-07-18,sorteio,0.0
CTP000752,CT0007141,GA0054,2024-11-27,lance_fixo,28200.0
CTP000753,CT0007156,GI0023,2026-07-16,sorteio,0.0
CTP000754,CT0007160,GA0011,2026-06-23,sorteio,0.0
CTP000755,CT0007164,GC0058,2026-01-02,sorteio,0.0
CTP000756,CT0007170,GA0015,2024-06-03,sorteio,0.0
CTP000757,CT0007172,GC0040,2024-09-03,lance_fixo,975.0
CTP000758,CT0007183,GA0049,2025-10-22,sorteio,0.0
CTP000759,CT0007191,GA0009,2025-07-17,sorteio,0.0
CTP000760,CT0007211,GI0032,2026-06-13,sorteio,0.0
CTP000761,CT0007222,GI0000,2025-07-09,lance_livre,205833.01
CTP000762,CT0007231,GA0060,2026-02-02,sorteio,0.0
CTP000763,CT0007232,GI0004,2024-04-18,sorteio,0.0
CTP000764,CT0007244,GA0044,2025-08-28,sorteio,0.0
CTP000765,CT0007280,GA0028,2024-10-11,sorteio,0.0
CTP000766,CT0007302,GS0030,2024-10-11,lance_livre,7139.98
CTP000767,CT0007314,GA0004,2025-09-09,sorteio,0.0
CTP000768,CT0007322,GA0023,2026-01-27,sorteio,0.0
CTP000769,CT0007323,GA0031,2025-09-11,lance_fixo,28550.0
CTP000770,CT0007328,GI0033,2024-12-04,lance_fixo,51650.0
CTP000771,CT0007348,GA0059,2025-01-03,lance_livre,35141.06
CTP000772,CT0007350,GA0048,2024-10-22,sorteio,0.0
CTP000773,CT0007359,GS0034,2025-06-01,lance_fixo,4775.0
CTP000774,CT0007372,GS0019,2025-02-26,sorteio,0.0
CTP000775,CT0007376,GS0027,2026-07-17,lance_livre,12090.23
CTP000776,CT0007386,GC0002,2024-04-10,lance_fixo,1025.0
CTP000777,CT0007393,GC0004,2023-11-23,sorteio,0.0
CTP000778,CT0007394,GS0002,2025-07-30,sorteio,0.0
CTP000779,CT0007408,GC0016,2026-02-25,sorteio,0.0
CTP000780,CT0007414,GA0058,2026-05-01,sorteio,0.0
CTP000781,CT0007418,GA0048,2025-03-11,sorteio,0.0
CTP000782,CT0007422,GI0033,2026-05-15,lance_livre,85936.82
CTP000783,CT0007452,GA0061,2026-03-23,sorteio,0.0
CTP000784,CT0007454,GC0036,2025-09-16,sorteio,0.0
CTP000785,CT0007470,GC0045,2026-03-24,sorteio,0.0
CTP000786,CT0007482,GC0013,2025-04-22,lance_livre,2684.97
CTP000787,CT0007483,GA0074,2024-12-18,sorteio,0.0
CTP000788,CT0007494,GA0066,2024-02-20,sorteio,0.0
CTP000789,CT0007506,GA0022,2026-08-07,sorteio,0.0
CTP000790,CT0007510,GA0048,2025-08-07,sorteio,0.0
CTP000791,CT0007522,GI0036,2026-07-05,lance_livre,147153.7
CTP000792,CT0007526,GA0087,2025-08-25,lance_livre,45674.91
CTP000793,CT0007530,GA0056,2025-12-25,lance_fixo,26075.0
CTP000794,CT0007532,GA0051,2025-08-09,sorteio,0.0
CTP000795,CT0007547,GI0010,2025-05-22,lance_fixo,46650.0
CTP000796,CT0007549,GA0074,2026-01-18,sorteio,0.0
CTP000797,CT0007567,GA0025,2025-12-24,sorteio,0.0
CTP000798,CT0007584,GI0006,2026-07-09,sorteio,0.0
CTP000799,CT0007598,GA0021,2025-03-14,lance_livre,35107.15
CTP000800,CT0007615,GI0011,2025-10-18,sorteio,0.0
CTP000801,CT0007616,GI0005,2024-10-21,sorteio,0.0
CTP000802,CT0007628,GC0003,2025-09-02,sorteio,0.0
CTP000803,CT0007641,GA0047,2026-08-10,sorteio,0.0
CTP000804,CT0007642,GI0038,2026-06-10,lance_livre,87579.88
CTP000805,CT0007648,GI0001,2024-07-02,sorteio,0.0
CTP000806,CT0007655,GI0025,2026-08-15,sorteio,0.0
CTP000807,CT0007665,GC0053,2025-05-17,sorteio,0.0
CTP000808,CT0007666,GI0012,2024-05-23,lance_fixo,105200.0
CTP000809,CT0007687,GA0049,2025-01-09,sorteio,0.0
CTP000810,CT0007690,GA0010,2026-08-06,lance_fixo,32325.0
CTP000811,CT0007695,GI0012,2023-12-09,sorteio,0.0
CTP000812,CT0007716,GI0016,2025-09-29,lance_livre,300510.07
CTP000813,CT0007717,GA0014,2025-03-22,sorteio,0.0
CTP000814,CT0007721,GI0010,2024-07-25,lance_fixo,116925.0
CTP000815,CT0007723,GS0037,2024-12-10,sorteio,0.0
CTP000816,CT0007725,GI0023,2025-12-29,sorteio,0.0
CTP000817,CT0007729,GA0045,2024-09-08,sorteio,0.0
CTP000818,CT0007734,GA0047,2025-04-21,sorteio,0.0
CTP000819,CT0007735,GI0010,2026-01-25,lance_livre,77134.53
CTP000820,CT0007752,GC0006,2025-09-02,lance_livre,4668.4
CTP000821,CT0007759,GI0041,2025-08-24,lance_fixo,47050.0
CTP000822,CT0007783,GI0020,2024-07-18,sorteio,0.0
CTP000823,CT0007785,GI0024,2026-06-05,lance_livre,144824.81
CTP000824,CT0007786,GI0037,2026-01-20,sorteio,0.0
CTP000825,CT0007787,GA0028,2024-12-07,sorteio,0.0
CTP000826,CT0007809,GI0033,2026-08-24,sorteio,0.0
CTP000827,CT0007813,GA0080,2024-06-16,sorteio,0.0
CTP000828,CT0007830,GA0003,2025-10-03,lance_livre,60273.57
CTP000829,CT0007845,GA0005,2025-05-11,sorteio,0.0
CTP000830,CT0007846,GS0023,2024-06-29,lance_livre,10277.25
CTP000831,CT0007847,GC0031,2026-03-25,sorteio,0.0
CTP000832,CT0007872,GI0036,2025-10-18,lance_livre,100585.48
CTP000833,CT0007881,GA0011,2026-01-05,lance_livre,42769.5
CTP000834,CT0007886,GA0022,2024-09-05,lance_livre,13088.38
CTP000835,CT0007891,GI0033,2025-08-11,lance_livre,80573.05
CTP000836,CT0007904,GS0014,2024-10-29,lance_livre,3128.67
CTP000837,CT0007939,GC0010,2026-05-11,sorteio,0.0
CTP000838,CT0007944,GC0022,2023-12-15,sorteio,0.0
CTP000839,CT0007952,GA0048,2025-03-14,sorteio,0.0
CTP000840,CT0007961,GI0037,2025-12-18,lance_livre,121296.62
CTP000841,CT0007964,GA0020,2025-05-08,sorteio,0.0
CTP000842,CT0007992,GA0088,2025-03-24,sorteio,0.0
CTP000843,CT0007994,GI0009,2026-06-06,sorteio,0.0
CTP000844,CT0007996,GI0008,2026-05-21,lance_fixo,121250.0
CTP000845,CT0008007,GC0031,2024-11-27,lance_livre,733.14
CTP000846,CT0008012,GS0035,2025-11-09,sorteio,0.0
CTP000847,CT0008013,GC0024,2023-04-25,sorteio,0.0
CTP000848,CT0008016,GA0047,2026-04-11,lance_fixo,13975.0
CTP000849,CT0008020,GC0047,2026-02-16,sorteio,0.0
CTP000850,CT0008025,GA0012,2024-06-17,sorteio,0.0
CTP000851,CT0008030,GA0045,2025-10-28,sorteio,0.0
CTP000852,CT0008051,GS0030,2026-04-27,sorteio,0.0
CTP000853,CT0008058,GS0001,2025-09-02,lance_livre,5400.07
CTP000854,CT0008068,GI0038,2025-06-01,lance_livre,137247.27
CTP000855,CT0008078,GS0010,2025-05-28,lance_fixo,2000.0
CTP000856,CT0008082,GA0043,2025-11-11,lance_livre,23013.67
CTP000857,CT0008103,GA0047,2024-01-12,lance_fixo,29125.0
CTP000858,CT0008111,GA0007,2024-04-21,lance_livre,8650.75
CTP000859,CT0008116,GA0048,2026-05-09,sorteio,0.0
CTP000860,CT0008125,GS0023,2026-06-20,sorteio,0.0
CTP000861,CT0008135,GI0001,2025-11-10,lance_fixo,110650.0
CTP000862,CT0008150,GC0044,2024-06-09,lance_fixo,650.0
CTP000863,CT0008154,GA0036,2024-07-29,lance_livre,19353.81
CTP000864,CT0008157,GC0059,2023-11-19,sorteio,0.0
CTP000865,CT0008161,GA0022,2025-06-22,sorteio,0.0
CTP000866,CT0008181,GI0030,2025-02-01,sorteio,0.0
CTP000867,CT0008213,GS0033,2024-05-07,sorteio,0.0
CTP000868,CT0008214,GA0033,2025-08-17,sorteio,0.0
CTP000869,CT0008230,GA0088,2025-04-06,sorteio,0.0
CTP000870,CT0008233,GI0030,2025-09-03,lance_livre,242275.71
CTP000871,CT0008235,GI0002,2024-02-20,sorteio,0.0
CTP000872,CT0008245,GA0079,2025-03-17,sorteio,0.0
CTP000873,CT0008251,GI0025,2025-04-19,lance_livre,165616.41
CTP000874,CT0008263,GS0028,2026-01-27,sorteio,0.0
CTP000875,CT0008270,GI0031,2024-03-21,lance_livre,132800.45
CTP000876,CT0008273,GA0023,2023-11-13,lance_fixo,11375.0
CTP000877,CT0008274,GS0004,2025-02-28,sorteio,0.0
CTP000878,CT0008281,GA0020,2026-07-26,lance_livre,36486.05
CTP000879,CT0008284,GI0021,2026-06-03,sorteio,0.0
CTP000880,CT0008302,GA0031,2026-04-29,sorteio,0.0
CTP000881,CT0008306,GI0002,2025-04-09,sorteio,0.0
CTP000882,CT0008316,GS0019,2023-12-25,sorteio,0.0
CTP000883,CT0008345,GC0040,2025-09-30,lance_livre,829.56
CTP000884,CT0008358,GS0020,2026-03-04,lance_livre,3779.86
CTP000885,CT0008359,GI0004,2025-03-30,lance_livre,187569.93
CTP000886,CT0008366,GC0029,2026-01-02,sorteio,0.0
CTP000887,CT0008375,GI0032,2024-05-27,lance_livre,37200.08
CTP000888,CT0008389,GC0067,2026-04-03,sorteio,0.0
CTP000889,CT0008402,GI0016,2025-07-27,lance_fixo,70700.0
CTP000890,CT0008415,GS0036,2026-04-11,sorteio,0.0
CTP000891,CT0008430,GS0039,2025-04-15,lance_fixo,7150.0
CTP000892,CT0008435,GI0026,2026-03-15,lance_fixo,130875.0
CTP000893,CT0008436,GC0060,2025-05-18,lance_fixo,1575.0
CTP000894,CT0008442,GI0018,2023-09-12,sorteio,0.0
CTP000895,CT0008446,GI0012,2023-03-19,sorteio,0.0
CTP000896,CT0008451,GI0011,2025-05-03,lance_livre,137206.06
CTP000897,CT0008460,GA0014,2024-02-06,lance_livre,22413.93
CTP000898,CT0008461,GS0020,2025-08-12,lance_livre,6225.15
CTP000899,CT0008473,GI0042,2025-06-07,sorteio,0.0
CTP000900,CT0008475,GC0055,2025-10-16,sorteio,0.0
CTP000901,CT0008485,GC0041,2025-10-22,sorteio,0.0
CTP000902,CT0008494,GA0005,2025-06-28,sorteio,0.0
CTP000903,CT0008502,GA0031,2025-08-27,sorteio,0.0
CTP000904,CT0008506,GI0028,2026-04-30,lance_livre,190318.05
CTP000905,CT0008511,GI0028,2025-11-06,sorteio,0.0
CTP000906,CT0008531,GC0003,2025-03-22,sorteio,0.0
CTP000907,CT0008534,GC0046,2025-02-25,lance_fixo,1925.0
CTP000908,CT0008544,GS0027,2024-10-05,sorteio,0.0
CTP000909,CT0008558,GS0028,2026-07-17,sorteio,0.0
CTP000910,CT0008570,GS0022,2024-11-22,sorteio,0.0
CTP000911,CT0008595,GA0041,2026-02-04,sorteio,0.0
