id_grupo,categoria,prazo_meses,data_abertura,qtd_cotas_grupo
GA0000,auto,60,2025-07-17,300
GA0001,auto,72,2024-06-03,400
GA0002,auto,60,2025-04-16,180
GA0003,auto,60,2024-09-23,400
GA0004,auto,80,2025-07-02,300
GA0005,auto,80,2024-09-07,120
GA0006,auto,80,2024-06-24,240
GA0007,auto,72,2023-08-08,400
GA0008,auto,80,2025-02-11,240
GA0009,auto,80,2024-10-16,240
GA0010,auto,72,2023-09-30,120
GA0011,auto,72,2025-12-01,120
GA0012,auto,80,2025-09-20,180
GA0013,auto,72,2023-07-18,300
GA0014,auto,80,2024-03-01,120
GA0015,auto,80,2024-06-18,400
GA0016,auto,80,2025-07-23,300
GA0017,auto,60,2024-03-12,240
GA0018,auto,72,2023-02-22,240
GA0019,auto,60,2025-06-11,300
GA0020,auto,80,2025-06-12,180
GA0021,auto,80,2024-05-08,180
GA0022,auto,80,2024-03-20,120
GA0023,auto,72,2025-08-12,120
GA0024,auto,72,2023-06-05,300
GA0025,auto,72,2024-02-01,180
GA0026,auto,72,2025-03-14,400
GA0027,auto,72,2023-07-12,400
GA0028,auto,72,2025-04-20,120
GA0029,auto,60,2025-07-10,400
GA0030,auto,72,2025-08-23,400
GA0031,auto,72,2025-12-13,180
GA0032,auto,60,2025-03-29,300
GA0033,auto,60,2025-09-26,120
GA0034,auto,80,2023-01-09,300
GA0035,auto,80,2025-07-25,300
GA0036,auto,72,2025-04-26,180
GA0037,auto,80,2024-10-28,240
GA0038,auto,72,2024-11-13,120
GA0039,auto,60,2023-10-22,120
GA0040,auto,72,2025-03-13,300
GA0041,auto,72,2025-10-23,240
GA0042,auto,60,2025-07-06,240
GA0043,auto,72,2024-11-09,240
GA0044,auto,60,2024-11-02,300
GA0045,auto,60,2024-12-24,120
GA0046,auto,72,2024-06-08,400
GA0047,auto,60,2023-11-28,240
GA0048,auto,80,2025-10-21,120
GA0049,auto,60,2025-09-13,120
GA0050,auto,80,2023-12-04,400
GA0051,auto,60,2024-06-05,300
GA0052,auto,60,2024-10-30,240
GA0053,auto,80,2026-04-10,300
GA0054,auto,72,2024-05-02,240
GA0055,auto,80,2024-01-21,120
GA0056,auto,72,2023-01-28,120
GA0057,auto,60,2025-07-14,300
GA0058,auto,80,2024-07-08,300
GA0059,auto,60,2025-12-16,240
GA0060,auto,80,2023-07-02,240
GA0061,auto,80,2024-08-17,240
GA0062,auto,60,2024-04-02,180
GA0063,auto,60,2025-03-31,300
GA0064,auto,72,2024-03-10,400
GA0065,auto,60,2024-02-16,120
GA0066,auto,72,2026-02-28,180
GA0067,auto,80,2024-08-17,300
GA0068,auto,72,2023-11-16,300
GA0069,auto,80,2023-11-13,300
GA0070,auto,60,2025-05-10,300
GA0071,auto,72,2025-06-03,180
GA0072,auto,60,2023-04-26,240
GA0073,auto,80,2023-06-03,240
GA0074,auto,80,2023-08-31,300
GA0075,auto,60,2025-08-28,240
GA0076,auto,72,2023-08-01,240
GA0077,auto,80,2023-01-24,300
GA0078,auto,72,2025-05-13,300
GA0079,auto,72,2024-01-06,300
GA0080,auto,60,2024-12-01,120
GA0081,auto,72,2025-01-24,120
GA0082,auto,80,2024-05-13,300
GA0083,auto,60,2023-08-04,240
GA0084,auto,60,2024-01-31,300
GA0085,auto,60,2025-03-24,120
GA0086,auto,60,2024-12-06,300
GA0087,auto,60,2023-12-26,400
GA0088,auto,80,2024-11-28,240
GA0089,auto,72,2025-01-04,240
GI0000,imoveis,150,2023-01-28,120
GI0001,imoveis,200,2024-05-16,240
GI0002,imoveis,180,2025-07-28,120
GI0003,imoveis,150,2023-11-28,240
GI0004,imoveis,200,2024-08-11,240
GI0005,imoveis,200,2023-07-13,240
GI0006,imoveis,180,2024-07-22,400
GI0007,imoveis,150,2026-02-18,180
GI0008,imoveis,180,2024-09-16,400
GI0009,imoveis,180,2023-12-08,120
GI0010,imoveis,180,2025-09-18,120
GI0011,imoveis,200,2024-10-13,120
GI0012,imoveis,150,2024-10-26,180
GI0013,imoveis,150,2025-03-10,300
GI0014,imoveis,150,2023-12-04,180
GI0015,imoveis,180,2025-05-26,300
GI0016,imoveis,200,2025-07-11,180
GI0017,imoveis,150,2025-01-07,400
GI0018,imoveis,200,2023-10-04,180
GI0019,imoveis,150,2023-06-19,240
GI0020,imoveis,180,2024-03-21,180
GI0021,imoveis,200,2024-07-06,400
GI0022,imoveis,200,2024-01-16,180
GI0023,imoveis,200,2025-01-31,180
GI0024,imoveis,180,2024-09-10,400
GI0025,imoveis,150,2026-04-04,400
GI0026,imoveis,150,2023-07-17,240
GI0027,imoveis,150,2023-12-25,240
GI0028,imoveis,200,2026-04-05,120
GI0029,imoveis,200,2023-04-20,300
GI0030,imoveis,200,2025-12-04,180
GI0031,imoveis,200,2023-05-20,240
GI0032,imoveis,180,2024-01-15,120
GI0033,imoveis,200,2024-02-07,300
GI0034,imoveis,180,2024-03-24,400
GI0035,imoveis,150,2025-06-02,300
GI0036,imoveis,180,2023-11-11,120
GI0037,imoveis,200,2026-02-11,180
GI0038,imoveis,150,2023-05-28,120
GI0039,imoveis,200,2025-12-06,120
GI0040,imoveis,200,2023-08-04,180
GI0041,imoveis,180,2025-05-13,400
GI0042,imoveis,150,2023-08-24,180
GI0043,imoveis,150,2026-04-12,300
GI0044,imoveis,150,2026-03-12,240
GC0000,celular,18,2024-06-04,120
GC0001,celular,24,2023-01-17,120
GC0002,celular,12,2023-12-02,120
GC0003,celular,12,2025-03-24,400
GC0004,celular,12,2023-12-22,240
GC0005,celular,24,2025-04-13,300
GC0006,celular,18,2024-05-15,120
GC0007,celular,24,2025-08-22,120
GC0008,celular,18,2023-04-12,300
GC0009,celular,24,2023-06-07,240
GC0010,celular,12,2024-11-11,400
GC0011,celular,12,2024-04-22,400
GC0012,celular,15,2023-06-08,240
GC0013,celular,18,2025-03-06,180
GC0014,celular,24,2024-09-17,180
GC0015,celular,24,2026-01-14,240
GC0016,celular,12,2024-12-17,240
GC0017,celular,12,2025-01-30,400
GC0018,celular,12,2025-05-17,120
GC0019,celular,18,2024-05-17,120
GC0020,celular,24,2023-07-19,240
GC0021,celular,12,2026-01-24,300
GC0022,celular,24,2024-06-02,240
GC0023,celular,18,2025-07-30,400
GC0024,celular,12,2025-03-07,120
GC0025,celular,15,2025-09-22,180
GC0026,celular,24,2024-07-09,180
GC0027,celular,15,2024-09-28,300
GC0028,celular,18,2026-01-24,400
GC0029,celular,24,2024-12-24,180
GC0030,celular,15,2023-05-23,180
GC0031,celular,24,2024-05-26,120
GC0032,celular,18,2026-03-01,400
GC0033,celular,15,2024-06-28,240
GC0034,celular,12,2023-11-19,180
GC0035,celular,24,2025-06-14,400
GC0036,celular,24,2026-02-24,120
GC0037,celular,24,2023-03-21,240
GC0038,celular,18,2024-03-05,120
GC0039,celular,12,2025-09-16,180
GC0040,celular,15,2026-01-13,120
GC0041,celular,24,2026-01-10,240
GC0042,celular,12,2023-07-07,180
GC0043,celular,18,2023-07-04,240
GC0044,celular,12,2024-10-10,120
GC0045,celular,18,2023-03-08,120
GC0046,celular,12,2025-09-24,120
GC0047,celular,15,2024-12-10,240
GC0048,celular,18,2025-08-21,180
GC0049,celular,24,2024-01-17,400
GC0050,celular,18,2025-06-02,400
GC0051,celular,24,2025-10-18,240
GC0052,celular,12,2024-08-14,120
GC0053,celular,24,2023-10-12,180
GC0054,celular,12,2025-02-10,240
GC0055,celular,24,2024-05-14,180
GC0056,celular,12,2023-01-09,180
GC0057,celular,24,2024-09-20,400
GC0058,celular,12,2023-04-22,400
GC0059,celular,12,2023-03-04,240
GC0060,celular,24,2025-04-07,120
GC0061,celular,24,2025-10-09,400
GC0062,celular,24,2023-10-15,400
GC0063,celular,15,2025-08-20,240
GC0064,celular,24,2025-01-23,300
GC0065,celular,18,2025-07-23,300
GC0066,celular,12,2025-09-18,240
GC0067,celular,15,2024-09-09,400
GC0068,celular,24,2025-09-27,240
GC0069,celular,24,2024-04-07,300
GS0000,servicos,36,2023-10-27,180
GS0001,servicos,24,2023-06-17,240
GS0002,servicos,36,2023-07-18,240
GS0003,servicos,36,2023-10-07,180
GS0004,servicos,36,2024-08-29,180
GS0005,servicos,48,2024-01-28,240
GS0006,servicos,36,2023-08-08,300
GS0007,servicos,24,2023-12-23,300
GS0008,servicos,48,2025-03-16,400
GS0009,servicos,48,2024-07-31,300
GS0010,servicos,24,2024-07-06,240
GS0011,servicos,48,2025-10-15,240
GS0012,servicos,36,2023-08-31,400
GS0013,servicos,36,2024-10-01,300
GS0014,servicos,36,2023-03-28,180
GS0015,servicos,24,2025-05-31,120
GS0016,servicos,24,2024-12-17,300
GS0017,servicos,36,2025-10-29,400
GS0018,servicos,24,2026-02-17,300
GS0019,servicos,36,2023-04-25,300
GS0020,servicos,48,2024-11-27,120
GS0021,servicos,36,2026-01-28,300
GS0022,servicos,24,2026-02-25,400
GS0023,servicos,24,2025-08-19,240
GS0024,servicos,36,2024-06-18,300
GS0025,servicos,48,2025-08-12,400
GS0026,servicos,48,2023-04-19,180
GS0027,servicos,48,2024-12-09,120
GS0028,servicos,24,2024-09-16,300
GS0029,servicos,24,2023-07-25,120
GS0030,servicos,36,2023-01-10,240
GS0031,servicos,36,2024-07-13,300
GS0032,servicos,36,2025-05-23,300
GS0033,servicos,48,2025-08-17,240
GS0034,servicos,36,2023-10-10,240
GS0035,servicos,24,2026-01-22,400
GS0036,servicos,24,2025-08-01,120
GS0037,servicos,48,2023-04-16,240
GS0038,servicos,36,2025-05-24,240
GS0039,servicos,48,2025-07-18,180
